Model,AUC-ROC,AUC-PR,Best_F1,Best_Threshold,Precision@Best_F1,Recall@Best_F1,n_positives,n_negatives,dropped_test_positives,neg_ratio,neg_sampling,seed,data_dir_used
TransE,0.6095097083773598,0.17384906871178024,0.22626824183460736,-11.28585433959961,0.18925831202046037,0.28127159640635796,2894,30309,603,10,degree_matched,42,data/trimodel
ComplEx,0.7777507088187249,0.40401846513595474,0.4360851063829787,0.09168483316898346,0.42972156994297217,0.44263994471319973,2894,30309,603,10,degree_matched,42,data/trimodel
TriModel,0.7641571358887357,0.3429070650841055,0.38517826560797136,1.8471413850784302,0.35052422782657977,0.42743607463718036,2894,30309,603,10,degree_matched,42,data/trimodel
