Model,AUC-ROC,AUC-PR,Best_F1,Precision,Recall,n_positives,n_negatives
TransE,0.7921966389962025,0.24446703971504916,0.2953923837576268,0.3776223776223776,0.2425708362128542,2894,144700
ComplEx,0.8543022871236108,0.46823878747018727,0.4972510690287111,0.6053544868616758,0.42190739460953697,2894,144700
TriModel,0.8547771609062719,0.44310921540591,0.47739307535641545,0.5813492063492064,0.40497581202487903,2894,144700
