Model,AUC-ROC,AUC-PR,Best_F1,Precision,Recall,n_positives,n_negatives
TransE,0.792873867972198,0.19116130310178375,0.2641116434076234,0.33245936025170425,0.21907394609536973,2894,231520
ComplEx,0.8545444077635543,0.4127050262722651,0.46793454223794784,0.6498771498771498,0.3655839668279198,2894,231520
TriModel,0.8553428263096109,0.37989403251129866,0.4318093005080109,0.49685251798561153,0.3818244644091223,2894,231520
